{"lr": 0.00019863613034027227, "data_time": 0.012556338310241699, "loss": 2.031425106525421, "time": 13.429413056373596, "epoch": 1, "iter": 10, "memory": 31447, "step": 10}
{"lr": 0.0001904357160697578, "data_time": 0.013705873489379882, "loss": 1.849597418308258, "time": 12.788469982147216, "epoch": 1, "iter": 20, "memory": 31447, "step": 20}
{"lr": 0.00017541066097768969, "data_time": 0.013681411743164062, "loss": 1.9075705051422118, "time": 12.77266068458557, "epoch": 1, "iter": 30, "memory": 31447, "step": 30}
{"lr": 0.00013506375551927547, "data_time": 0.012563967704772949, "loss": 1.6720386505126954, "time": 12.677848529815673, "epoch": 2, "iter": 48, "memory": 31447, "step": 48}
{"lr": 0.00010825793454723329, "data_time": 0.012558555603027344, "loss": 1.6334396243095397, "time": 12.662004375457764, "epoch": 2, "iter": 58, "memory": 31447, "step": 58}
{"lr": 8.082893680762619e-05, "data_time": 0.012314081192016602, "loss": 1.623897624015808, "time": 12.840253114700317, "epoch": 2, "iter": 68, "memory": 31447, "step": 68}
{"lr": 3.642762517900322e-05, "data_time": 0.013073086738586426, "loss": 1.560847771167755, "time": 12.917288231849671, "epoch": 3, "iter": 86, "memory": 31447, "step": 86}
{"lr": 1.7822218477475494e-05, "data_time": 0.012530779838562012, "loss": 1.5470972061157227, "time": 12.631878805160522, "epoch": 3, "iter": 96, "memory": 31447, "step": 96}
{"lr": 5.418275829936536e-06, "data_time": 0.012162351608276367, "loss": 1.565020775794983, "time": 12.609156489372253, "epoch": 3, "iter": 106, "memory": 31447, "step": 106}
